name,price,
مونوپاد1288,"900,000",
شارژر فندكيiohone,"500,000",
شارژر فندكي ldnio,"650,000",
فندكي آيفون 3,"600,000",
گارد,"54,000,000",
رابط گوشي به گوشي,"100,000",
شارژر كارتني S4,"650,000",
گارد سيليكوني,"55,900,000",
كابل پاور sisah,"120,000",
گلس سراميكي,"177,600,000",
سيم كارت,"35,200,000",
charger emy myشارژر,"350,000",
FM PLAYER2,"840,000",
تبديل otg-note,"240,000",
كابل 5پين usb,"1,620,000",
گلس تبلت,"53,200,000",
كيف تبلت,"22,750,000",
كيف زيپ دار,"100,000",
تبديل اندرويد آيفون,"480,000",
ريموت منوپاد,"120,000",
رم ريدر دو كاره,"600,000",
كابل hdmitc70,"500,000",
كله شارژر اصلي ipad,"400,000",
rock c,"350,000",
گارد my case,"1,200,000",
گارد سيليكوني ايفون,"32,000,000",
محافظ لنز 7,"900,000",
محافظ لنز 6,"180,000",
usb led,"250,000",
كاور سيليكوني,"400,000",
استاپ شارژ,"240,000",
mp3_mp4 4G player,"800,000",
نگهدارنده كابل,"360,000",
گلس فول,"156,000,000",
هندزفري بلوتوث جبرا mini u8,"2,400,000",
تبديل برق آيفون,"3,000,000",
هندزفري  LEVEL U PRO,"8,400,000",
كله شارژر اصلي S10پكدار,"3,200,000",
شارژر S9 ORG يكسال گارانتي,"800,000",
تبديل سه به دو seven,"2,100,000",
كابل S10 FAST,"1,200,000",
كابل  +NOTE10,"1,200,000",
اعتبار,"2,640,609,960",
پاوربانك HOCO J49/10000,"6,400,000",
كله شارژر پكدار IPH 7,"1,200,000",
كابل پاوربانك TYPE C,"1,080,000",
هلدر وايرلس S5,"1,200,000",
تبديل TYPE C الدرام,"250,000",
رم 64 APACER,"3,600,000",
تبلت LENOVO TAB M7-4G-Ram2-32G مشكي,"52,000,000",
ايرپاد PRO 4,"7,000,000",
گارد پشت مات فرم دار,"39,500,000",
كابل HOCO X37 MICRO,"600,000",
رينگلايت سلفي,"800,000",
هندزفري IPH 7piblue,"3,300,000",
كله شارژر DUDAO A8UK IPH,"2,200,000",
كابل HOCO X1 3 MICRO,"2,400,000",
كله شارژر آيفون 11,"4,200,000",
m6 64G,"1,600,000",
هدفون بلوتوث 450BT JBL,"1,800,000",
تبديل برق 2به 2,"1,190,000",
پاور بانك 1000 maxko,"8,400,000",
كاور سيليكوني ايرپاد پرو,"1,800,000",
بند فلزي apple watch milanese,"2,400,000",
بند چرم apple watch,"2,500,000",
كله سركارتني s10,"2,800,000",
سركارتني otg s10,"700,000",
محافظ كابل 4in 1,"750,000",
محافظ كابل عروسكي,"720,000",
كابل پاور فلت TYPE C,"2,200,000",
گلس امنيتي,"22,400,000",
تبديل سيم كارت پلاستيكي,"150,000",
گوشي سامسونگ A32 128G,"65,800,000",
گلس لنز دوربين اندرويدي,"3,000,000",
كابل aux فنري,"800,000",
گارد بتمني,"900,000",
كابل s7,"4,400,000",
كابل maxko 060 metal,"2,100,000",
كابل nafumi m9 -tpc,"4,500,000",
گارد شفاف لنزدار IP13,"2,250,000",
گوشي ايفون ابي با گارانتي IPHONE 13 PRO MAX 256G,"432,000,000",
گلس سوپر فول توري دار 13promax,"800,000",
گوشي ايفون 13Promax 256g مشكي,"479,000,000",
پاپ سوكت انگشتي مگنتي,"3,000,000",
كابل آيفون ALIARMI,"3,200,000",
كابل آيفون BOROF BX 19,"1,500,000",
هولدر مگنتي سكه اي,"3,200,000",
كابل پك دار IPH 12,"9,200,000",
گاردو گلس اپل واچ,"2,700,000",
بند سيليكوني اپل واچ,"4,800,000",
بند نايك اپل واچ,"1,100,000",
اسپيكر چمداني 1149A,"10,500,000",
سه پايه چيني,"1,800,000",
سه پايه گوشي فلزي,"2,500,000",
گارد شفاف آيفون دور رنگي,"16,200,000",
گارد DEZOE,"12,800,000",
اسپيكر L26,"8,400,000",
شارژر فندكي Remix,"1,800,000",
كابل Hoco x29,"800,000",
كابل پوست ماري micro,"1,600,000",
كله شارژر DUDAO-A2,"3,200,000",
كله شارژر DUDAO-A1 MAX,"2,400,000",
كابل DUDAO L10 TYPEC پاوربانكي,"600,000",
كابل DUDAO L10 IPH پاوربانكي,"1,200,000",
كابل DUDAO L10 Micro پاوربانكي,"800,000",
هنذزفري j5,"250,000",
كيف بتمني ايرپاد,"7,800,000",
شارژر پكدار S10,"1,400,000",
هندزفري PAPADA PA1 31,"2,200,000",
هندزفري PAPADA PA1 30 TYOE C,"1,100,000",
هندزفري بلوتوث B669,"4,200,000",
كابل REALME TYPE C,"2,400,000",
هلدر CXP 008,"1,710,000",
هندزفري بلوتوث گردني LENOVO-HE05,"2,850,000",
هلدر DUDAO F3,"800,000",
فلش S20 64G KING,"1,800,000",
فلش KS234 32G king,"1,400,000",
فلش KS234 16G king,"1,200,000",
فلش KS201 32G AROMA,"2,800,000",
فلش KS201 16G AROMA,"1,200,000",
مموري 16G Toshiba,"2,240,000",
OTG REMAX-Micro فلزي,"1,760,000",
OTG TYPE C REMAX فلزي,"1,520,000",
گلس لنز دوربين ايفون,"600,000",
محافظ لنز آهني,"3,916,000",
گلس اپل واچ 42m,"260,000",
گلس اپل واچ 38m,"260,000",
پاپ سوكت انگشتي,"300,000",
هندزفري akg سامسونگ,"6,400,000",
محافظ لنز رينگي ايفون,"16,200,000",
كابل lapramol lp-b13 آيفون,"10,500,000",
كابل lapramol lp-b19 آبفون,"7,500,000",
كيس كربني ايرپاد 3,"1,800,000",
كابل lapramol lp-b50 اندرويد,"3,000,000",
پاوربانك HOCO J38/10000,"3,500,000",
پاوربانك HOCO J58/10000,"3,500,000",
پاور بانك dudao 10000,"7,000,000",
تبديل هالدرون 3به 2,"1,200,000",
گلس نانو اپل واچ 41m,"1,200,000",
هندزفري بلوتوث گردني UFLEX,"2,850,000",
اسپيكر A1,"12,500,000",
پاوربانك BOROFONE BT23 10000,"3,500,000",
رينگ لايت LED,"2,550,000",
كيبرد اي پد,"1,200,000",
رينگ لايت AN26,"3,580,000",
گارد تبلت,"1,900,000",
هولدر SH-3100,"800,000",
كلگي ORAIMO E81,"3,000,000",
سه تار,"4,500,000",
گلس پرايوسي weva,"2,700,000",
گارد اكليلي جديد,"4,620,000",
گارد اسكوييد گيم,"4,400,000",
كاور گودزيلا,"1,200,000",
كاور سهند,"1,200,000",
گارد لوكس paika,"11,760,000",
نوكيا 110,"12,000,000",
نوكيا 105,"4,000,000",
اسپيكر TG 156,"3,780,000",
شارژر تبلت,"840,000",
كيف پاور بانك چرم,"500,000",
اسپيكر DUDAO Y4,"4,000,000",
كيف هارد اكسترنال,"700,000",
كيف هارد تسكو,"700,000",
اسپيكر بلوتوث TG 607,"1,890,000",
اسپيكر بلوتوث TG 528,"1,890,000",
كله شارژ اورجينال 12POROMAX 20W,"39,200,000",
ايرپاد PRO غير اصل,"9,000,000",
پاور بانك BOROFONE BT24 MIC 10000,"3,500,000",
هندزفري بلوتوث گردني papada A2,"3,000,000",
كيف ايرپاد طرح دار,"500,000",
شارژر پك پلاستيكي تايپ C,"2,000,000",
شارژر پك پلاستيكي اندرويد,"600,000",
گلس S21 PLUS,"200,000",
گلس S21 ULTRA,"300,000",
گوشي سامسونگ A12-128G/RAM4سفيد,"42,700,000",
گوشي آيفون IPHONE 13PRO MAX 256G آبي,"468,000,000",
گوشي آيفون Iphone 13/128Gآبي,"321,000,000",
گوشي آيفون Iphone 11 128G مشكي,"226,333,333",
گوشي شيائومي Xiaomi Mi 11lite/128G/R8,"72,900,000",
گوشي شيائومي Xiaomi X3 PRO/128G/R8برنز,"68,900,000",
گوشي سامسونگ A53/256G/R8مشكي,"235,800,000",
,"6,219,259,293",
